<?xml encoding="UTF-8" version="1.0"?>
<actions>
<action>
	<icon>Terminal</icon>
	<name>Terminal</name>
	<unique-id>1367866030392833-1</unique-id>
	<command>exo-open --working-directory %f --launch TerminalEmulator</command>
	<description></description>
	<patterns>*</patterns>
	<directories/>
</action>
<action>
	<icon>stock_folder</icon>
	<name>Thunar Root</name>
	<unique-id>1367866030392883-2</unique-id>
	<command>pkexec thunar %f</command>
	<description>Thunar Root</description>
	<patterns>*</patterns>
	<directories/>
</action>
<action>
	<icon>system-search</icon>
	<name>Search</name>
	<unique-id>1367866030392913-3</unique-id>
	<command>catfish %f</command>
	<description>find files and folders</description>
	<patterns>*</patterns>
	<directories/>
</action>
</actions>
