<?xml version="1.0" encoding="UTF-8"?>

<channel name="xfce4-keyboard-shortcuts" version="1.0">
  <property name="commands" type="empty">
    <property name="default" type="empty">
      <property name="&lt;Alt&gt;F1" type="empty"/>
      <property name="&lt;Alt&gt;F2" type="empty">
        <property name="startup-notify" type="empty"/>
      </property>
      <property name="&lt;Alt&gt;F3" type="empty">
        <property name="startup-notify" type="empty"/>
      </property>
      <property name="&lt;Primary&gt;&lt;Alt&gt;Delete" type="empty"/>
      <property name="&lt;Primary&gt;&lt;Alt&gt;l" type="empty"/>
      <property name="&lt;Primary&gt;&lt;Alt&gt;t" type="empty"/>
      <property name="XF86Display" type="empty"/>
      <property name="&lt;Super&gt;p" type="empty"/>
      <property name="&lt;Primary&gt;Escape" type="empty"/>
      <property name="XF86WWW" type="empty"/>
      <property name="HomePage" type="empty"/>
      <property name="XF86Mail" type="empty"/>
      <property name="Print" type="empty"/>
      <property name="&lt;Alt&gt;Print" type="empty"/>
      <property name="&lt;Shift&gt;Print" type="empty"/>
      <property name="&lt;Super&gt;e" type="empty"/>
      <property name="&lt;Primary&gt;&lt;Alt&gt;f" type="empty"/>
      <property name="&lt;Primary&gt;&lt;Alt&gt;Escape" type="empty"/>
      <property name="&lt;Primary&gt;&lt;Shift&gt;Escape" type="empty"/>
      <property name="&lt;Super&gt;r" type="empty">
        <property name="startup-notify" type="empty"/>
      </property>
      <property name="&lt;Control&gt;&lt;Alt&gt;Delete" type="empty"/>
      <property name="&lt;Control&gt;Escape" type="empty"/>
    </property>
    <property name="custom" type="empty">
      <property name="&lt;Alt&gt;F3" type="empty">
        <property name="startup-notify" type="bool" value="true"/>
      </property>
      <property name="&lt;Alt&gt;F2" type="string" value="xfce4-appfinder --collapsed">
        <property name="startup-notify" type="bool" value="true"/>
      </property>
      <property name="&lt;Primary&gt;&lt;Alt&gt;Delete" type="string" value="xflock4"/>
      <property name="XF86Mail" type="string" value="exo-open --launch MailReader"/>
      <property name="XF86WWW" type="string" value="exo-open --launch WebBrowser"/>
      <property name="&lt;Primary&gt;&lt;Alt&gt;p" type="string" value="xfce4-display-settings --minimal"/>
      <property name="&lt;Primary&gt;&lt;Alt&gt;f" type="string" value="exo-open --launch FileManager"/>
      <property name="&lt;Primary&gt;Escape" type="string" value="xfdesktop --menu"/>
      <property name="override" type="bool" value="true"/>
      <property name="&lt;Primary&gt;&lt;Alt&gt;x" type="string" value="xkill"/>
      <property name="&lt;Primary&gt;&lt;Alt&gt;m" type="string" value="xfce4-taskmanager"/>
      <property name="XF86Calculator" type="string" value="galculator"/>
      <property name="Print" type="string" value="xfce4-screenshooter -fd 1"/>
      <property name="&lt;Shift&gt;Print" type="string" value="xfce4-screenshooter -wd 1"/>
      <property name="&lt;Primary&gt;&lt;Shift&gt;Print" type="string" value="xfce4-screenshooter -r"/>
      <property name="&lt;Alt&gt;F1" type="string" value="xfce4-popup-whiskermenu"/>
      <property name="&lt;Primary&gt;space" type="string" value="xfce4-terminal --drop-down"/>
    </property>
  </property>
  <property name="xfwm4" type="empty">
    <property name="default" type="empty">
      <property name="&lt;Alt&gt;Insert" type="empty"/>
      <property name="Escape" type="empty"/>
      <property name="Left" type="empty"/>
      <property name="Right" type="empty"/>
      <property name="Up" type="empty"/>
      <property name="Down" type="empty"/>
      <property name="&lt;Alt&gt;Tab" type="empty"/>
      <property name="&lt;Alt&gt;&lt;Shift&gt;Tab" type="empty"/>
      <property name="&lt;Alt&gt;Delete" type="empty"/>
      <property name="&lt;Primary&gt;&lt;Alt&gt;Down" type="empty"/>
      <property name="&lt;Primary&gt;&lt;Alt&gt;Left" type="empty"/>
      <property name="&lt;Shift&gt;&lt;Alt&gt;Page_Down" type="empty"/>
      <property name="&lt;Alt&gt;F4" type="empty"/>
      <property name="&lt;Alt&gt;F6" type="empty"/>
      <property name="&lt;Alt&gt;F7" type="empty"/>
      <property name="&lt;Alt&gt;F8" type="empty"/>
      <property name="&lt;Alt&gt;F9" type="empty"/>
      <property name="&lt;Alt&gt;F10" type="empty"/>
      <property name="&lt;Alt&gt;F11" type="empty"/>
      <property name="&lt;Alt&gt;F12" type="empty"/>
      <property name="&lt;Primary&gt;&lt;Shift&gt;&lt;Alt&gt;Left" type="empty"/>
      <property name="&lt;Primary&gt;&lt;Alt&gt;End" type="empty"/>
      <property name="&lt;Primary&gt;&lt;Alt&gt;Home" type="empty"/>
      <property name="&lt;Primary&gt;&lt;Shift&gt;&lt;Alt&gt;Right" type="empty"/>
      <property name="&lt;Primary&gt;&lt;Shift&gt;&lt;Alt&gt;Up" type="empty"/>
      <property name="&lt;Primary&gt;&lt;Alt&gt;KP_1" type="empty"/>
      <property name="&lt;Primary&gt;&lt;Alt&gt;KP_2" type="empty"/>
      <property name="&lt;Primary&gt;&lt;Alt&gt;KP_3" type="empty"/>
      <property name="&lt;Primary&gt;&lt;Alt&gt;KP_4" type="empty"/>
      <property name="&lt;Primary&gt;&lt;Alt&gt;KP_5" type="empty"/>
      <property name="&lt;Primary&gt;&lt;Alt&gt;KP_6" type="empty"/>
      <property name="&lt;Primary&gt;&lt;Alt&gt;KP_7" type="empty"/>
      <property name="&lt;Primary&gt;&lt;Alt&gt;KP_8" type="empty"/>
      <property name="&lt;Primary&gt;&lt;Alt&gt;KP_9" type="empty"/>
      <property name="&lt;Alt&gt;space" type="empty"/>
      <property name="&lt;Shift&gt;&lt;Alt&gt;Page_Up" type="empty"/>
      <property name="&lt;Primary&gt;&lt;Alt&gt;Right" type="empty"/>
      <property name="&lt;Primary&gt;&lt;Alt&gt;d" type="empty"/>
      <property name="&lt;Primary&gt;&lt;Alt&gt;Up" type="empty"/>
      <property name="&lt;Super&gt;Tab" type="empty"/>
      <property name="&lt;Primary&gt;F1" type="empty"/>
      <property name="&lt;Primary&gt;F2" type="empty"/>
      <property name="&lt;Primary&gt;F3" type="empty"/>
      <property name="&lt;Primary&gt;F4" type="empty"/>
      <property name="&lt;Primary&gt;F5" type="empty"/>
      <property name="&lt;Primary&gt;F6" type="empty"/>
      <property name="&lt;Primary&gt;F7" type="empty"/>
      <property name="&lt;Primary&gt;F8" type="empty"/>
      <property name="&lt;Primary&gt;F9" type="empty"/>
      <property name="&lt;Primary&gt;F10" type="empty"/>
      <property name="&lt;Primary&gt;F11" type="empty"/>
      <property name="&lt;Primary&gt;F12" type="empty"/>
      <property name="&lt;Super&gt;KP_Left" type="empty"/>
      <property name="&lt;Super&gt;KP_Right" type="empty"/>
      <property name="&lt;Super&gt;KP_Up" type="empty"/>
      <property name="&lt;Super&gt;KP_Down" type="empty"/>
      <property name="&lt;Super&gt;KP_Page_Up" type="empty"/>
      <property name="&lt;Super&gt;KP_Home" type="empty"/>
      <property name="&lt;Super&gt;KP_End" type="empty"/>
      <property name="&lt;Super&gt;KP_Next" type="empty"/>
      <property name="&lt;Control&gt;&lt;Alt&gt;Down" type="empty"/>
      <property name="&lt;Control&gt;&lt;Alt&gt;Left" type="empty"/>
      <property name="&lt;Control&gt;&lt;Shift&gt;&lt;Alt&gt;Left" type="empty"/>
      <property name="&lt;Alt&gt;&lt;Control&gt;End" type="empty"/>
      <property name="&lt;Alt&gt;&lt;Control&gt;Home" type="empty"/>
      <property name="&lt;Control&gt;&lt;Shift&gt;&lt;Alt&gt;Right" type="empty"/>
      <property name="&lt;Control&gt;&lt;Shift&gt;&lt;Alt&gt;Up" type="empty"/>
      <property name="&lt;Alt&gt;&lt;Control&gt;KP_1" type="empty"/>
      <property name="&lt;Alt&gt;&lt;Control&gt;KP_2" type="empty"/>
      <property name="&lt;Alt&gt;&lt;Control&gt;KP_3" type="empty"/>
      <property name="&lt;Alt&gt;&lt;Control&gt;KP_4" type="empty"/>
      <property name="&lt;Alt&gt;&lt;Control&gt;KP_5" type="empty"/>
      <property name="&lt;Alt&gt;&lt;Control&gt;KP_6" type="empty"/>
      <property name="&lt;Alt&gt;&lt;Control&gt;KP_7" type="empty"/>
      <property name="&lt;Alt&gt;&lt;Control&gt;KP_8" type="empty"/>
      <property name="&lt;Alt&gt;&lt;Control&gt;KP_9" type="empty"/>
      <property name="&lt;Control&gt;&lt;Alt&gt;Right" type="empty"/>
      <property name="&lt;Control&gt;&lt;Alt&gt;d" type="empty"/>
      <property name="&lt;Control&gt;&lt;Alt&gt;Up" type="empty"/>
      <property name="&lt;Control&gt;F1" type="empty"/>
      <property name="&lt;Control&gt;F2" type="empty"/>
      <property name="&lt;Control&gt;F3" type="empty"/>
      <property name="&lt;Control&gt;F4" type="empty"/>
      <property name="&lt;Control&gt;F5" type="empty"/>
      <property name="&lt;Control&gt;F6" type="empty"/>
      <property name="&lt;Control&gt;F7" type="empty"/>
      <property name="&lt;Control&gt;F8" type="empty"/>
      <property name="&lt;Control&gt;F9" type="empty"/>
      <property name="&lt;Control&gt;F10" type="empty"/>
      <property name="&lt;Control&gt;F11" type="empty"/>
      <property name="&lt;Control&gt;F12" type="empty"/>
      <property name="&lt;Shift&gt;&lt;Control&gt;&lt;Alt&gt;Up" type="string" value="move_window_up_workspace_key"/>
      <property name="&lt;Shift&gt;&lt;Control&gt;&lt;Alt&gt;Down" type="string" value="move_window_down_workspace_key"/>
      <property name="&lt;Shift&gt;&lt;Control&gt;&lt;Alt&gt;Left" type="string" value="move_window_left_workspace_key"/>
      <property name="&lt;Shift&gt;&lt;Control&gt;&lt;Alt&gt;Right" type="string" value="move_window_right_workspace_key"/>
    </property>
    <property name="custom" type="empty">
      <property name="&lt;Control&gt;F8" type="string" value="workspace_8_key"/>
      <property name="&lt;Control&gt;F10" type="string" value="workspace_10_key"/>
      <property name="&lt;Control&gt;F11" type="string" value="workspace_11_key"/>
      <property name="&lt;Control&gt;F12" type="string" value="workspace_12_key"/>
      <property name="&lt;Control&gt;F9" type="string" value="workspace_9_key"/>
      <property name="&lt;Alt&gt;F10" type="string" value="maximize_window_key"/>
      <property name="&lt;Alt&gt;F11" type="string" value="fullscreen_key"/>
      <property name="&lt;Alt&gt;F12" type="string" value="above_key"/>
      <property name="&lt;Control&gt;&lt;Alt&gt;Up" type="string" value="up_workspace_key"/>
      <property name="Escape" type="string" value="cancel_key"/>
      <property name="&lt;Alt&gt;&lt;Shift&gt;Tab" type="string" value="cycle_reverse_windows_key"/>
      <property name="&lt;Alt&gt;space" type="string" value="popup_menu_key"/>
      <property name="&lt;Alt&gt;Delete" type="string" value="del_workspace_key"/>
      <property name="&lt;Alt&gt;F4" type="string" value="close_window_key"/>
      <property name="&lt;Shift&gt;&lt;Alt&gt;Page_Down" type="string" value="lower_window_key"/>
      <property name="&lt;Alt&gt;F6" type="string" value="stick_window_key"/>
      <property name="&lt;Alt&gt;F8" type="string" value="resize_window_key"/>
      <property name="&lt;Alt&gt;F9" type="string" value="hide_window_key"/>
      <property name="&lt;Alt&gt;F7" type="string" value="move_window_key"/>
      <property name="&lt;Control&gt;&lt;Shift&gt;&lt;Alt&gt;Up" type="string" value="move_window_up_key"/>
      <property name="&lt;Control&gt;F5" type="string" value="workspace_5_key"/>
      <property name="&lt;Control&gt;&lt;Alt&gt;Left" type="string" value="left_workspace_key"/>
      <property name="&lt;Control&gt;&lt;Alt&gt;Down" type="string" value="down_workspace_key"/>
      <property name="&lt;Control&gt;F4" type="string" value="workspace_4_key"/>
      <property name="&lt;Alt&gt;&lt;Control&gt;KP_1" type="string" value="move_window_workspace_1_key"/>
      <property name="&lt;Alt&gt;&lt;Control&gt;KP_2" type="string" value="move_window_workspace_2_key"/>
      <property name="&lt;Alt&gt;&lt;Control&gt;KP_3" type="string" value="move_window_workspace_3_key"/>
      <property name="&lt;Alt&gt;&lt;Control&gt;KP_4" type="string" value="move_window_workspace_4_key"/>
      <property name="&lt;Alt&gt;&lt;Control&gt;KP_5" type="string" value="move_window_workspace_5_key"/>
      <property name="&lt;Alt&gt;&lt;Control&gt;KP_6" type="string" value="move_window_workspace_6_key"/>
      <property name="&lt;Alt&gt;&lt;Control&gt;KP_7" type="string" value="move_window_workspace_7_key"/>
      <property name="&lt;Control&gt;&lt;Shift&gt;&lt;Alt&gt;Left" type="string" value="move_window_left_key"/>
      <property name="Left" type="string" value="left_key"/>
      <property name="&lt;Alt&gt;&lt;Control&gt;KP_9" type="string" value="move_window_workspace_9_key"/>
      <property name="&lt;Alt&gt;&lt;Control&gt;KP_8" type="string" value="move_window_workspace_8_key"/>
      <property name="Down" type="string" value="down_key"/>
      <property name="&lt;Alt&gt;&lt;Control&gt;Home" type="string" value="move_window_prev_workspace_key"/>
      <property name="&lt;Alt&gt;&lt;Control&gt;End" type="string" value="move_window_next_workspace_key"/>
      <property name="&lt;Control&gt;&lt;Alt&gt;Right" type="string" value="right_workspace_key"/>
      <property name="&lt;Control&gt;&lt;Shift&gt;&lt;Alt&gt;Right" type="string" value="move_window_right_key"/>
      <property name="Right" type="string" value="right_key"/>
      <property name="&lt;Alt&gt;Tab" type="string" value="cycle_windows_key"/>
      <property name="&lt;Super&gt;Tab" type="string" value="switch_window_key"/>
      <property name="&lt;Shift&gt;&lt;Alt&gt;Page_Up" type="string" value="raise_window_key"/>
      <property name="&lt;Control&gt;F2" type="string" value="workspace_2_key"/>
      <property name="&lt;Control&gt;F1" type="string" value="workspace_1_key"/>
      <property name="Up" type="string" value="up_key"/>
      <property name="&lt;Control&gt;F6" type="string" value="workspace_6_key"/>
      <property name="&lt;Control&gt;F7" type="string" value="workspace_7_key"/>
      <property name="&lt;Control&gt;&lt;Alt&gt;d" type="string" value="show_desktop_key"/>
      <property name="&lt;Control&gt;F3" type="string" value="workspace_3_key"/>
      <property name="&lt;Alt&gt;Insert" type="string" value="add_workspace_key"/>
      <property name="&lt;Shift&gt;&lt;Control&gt;&lt;Alt&gt;Up" type="string" value="move_window_up_workspace_key"/>
      <property name="&lt;Shift&gt;&lt;Control&gt;&lt;Alt&gt;Down" type="string" value="move_window_down_workspace_key"/>
      <property name="&lt;Shift&gt;&lt;Control&gt;&lt;Alt&gt;Left" type="string" value="move_window_left_workspace_key"/>
      <property name="&lt;Shift&gt;&lt;Control&gt;&lt;Alt&gt;Right" type="string" value="move_window_right_workspace_key"/>
      <property name="override" type="bool" value="true"/>
    </property>
  </property>
  <property name="providers" type="array">
    <value type="string" value="xfwm4"/>
    <value type="string" value="commands"/>
  </property>
</channel>
