{
    "roots": {
        "bookmark_bar": {
            "children": [
                {
                    "type": "separator"
                },
                {
                    "description": "",
                    "keyword": "",
                    "name": "Manjaro Linux",
                    "type": "url",
                    "url": "https://manjaro.org/",
                    "visit_count": 0
                },
                {
                    "description": "",
                    "keyword": "",
                    "name": "Forum",
                    "type": "url",
                    "url": "https://forum.manjaro.org/",
                    "visit_count": 0
                },
                {
                    "description": "",
                    "keyword": "",
                    "name": "Wiki",
                    "type": "url",
                    "url": "https://wiki.manjaro.org/index.php?title=Main_Page",
                    "visit_count": 0
                },
                {
                    "description": "",
                    "keyword": "",
                    "name": "Manjaro Discover Software",
                    "type": "url",
                    "url": "https://discover.manjaro.org/",
                    "visit_count": 0
                }
            ],
            "description": "Bookmarks located in Bookmarks Toolbar",
            "expanded": true,
            "expanded_sidebar": true,
            "name": "Bookmarks Toolbar",
            "type": "folder"
        },
        "bookmark_menu": {
            "children": [
            ],
            "description": "Bookmarks located in Bookmarks Menu",
            "expanded": true,
            "expanded_sidebar": true,
            "name": "Bookmarks Menu",
            "type": "folder"
        },
        "other": {
            "children": [
            ],
            "description": "All other bookmarks",
            "expanded": true,
            "expanded_sidebar": true,
            "name": "Unsorted Bookmarks",
            "type": "folder"
        }
    },
    "version": 1
}
